{
  "https://localhost:44318/api/Billercategory/GetAllBillercategory" : {
    "transaction" : "https://localhost:44318/api/Billercategory/GetAllBillercategory",
    "sampleCount" : 6,
    "errorCount" : 0,
    "errorPct" : 0.0,
    "meanResTime" : 3.5,
    "medianResTime" : 3.5,
    "minResTime" : 3.0,
    "maxResTime" : 4.0,
    "pct1ResTime" : 4.0,
    "pct2ResTime" : 4.0,
    "pct3ResTime" : 4.0,
    "throughput" : 3.9656311962987445,
    "receivedKBytesPerSec" : 3.6751796926635825,
    "sentKBytesPerSec" : 2.366211582947786
  },
  "http://localhost:4200/scripts.js" : {
    "transaction" : "http://localhost:4200/scripts.js",
    "sampleCount" : 6,
    "errorCount" : 0,
    "errorPct" : 0.0,
    "meanResTime" : 3.5,
    "medianResTime" : 3.5,
    "minResTime" : 2.0,
    "maxResTime" : 5.0,
    "pct1ResTime" : 5.0,
    "pct2ResTime" : 5.0,
    "pct3ResTime" : 5.0,
    "throughput" : 3.8167938931297707,
    "receivedKBytesPerSec" : 1317.571043058206,
    "sentKBytesPerSec" : 1.8562142175572518
  },
  "http://localhost:4200/assets/assestR/css/animate.css" : {
    "transaction" : "http://localhost:4200/assets/assestR/css/animate.css",
    "sampleCount" : 6,
    "errorCount" : 0,
    "errorPct" : 0.0,
    "meanResTime" : 1.6666666666666667,
    "medianResTime" : 2.0,
    "minResTime" : 1.0,
    "maxResTime" : 2.0,
    "pct1ResTime" : 2.0,
    "pct2ResTime" : 2.0,
    "pct3ResTime" : 2.0,
    "throughput" : 3.8289725590299937,
    "receivedKBytesPerSec" : 107.71789745532865,
    "sentKBytesPerSec" : 1.9874012843012125
  },
  "https://localhost:44318/api/User/GetUserprofile/965" : {
    "transaction" : "https://localhost:44318/api/User/GetUserprofile/965",
    "sampleCount" : 10,
    "errorCount" : 0,
    "errorPct" : 0.0,
    "meanResTime" : 3.3000000000000007,
    "medianResTime" : 3.0,
    "minResTime" : 3.0,
    "maxResTime" : 4.0,
    "pct1ResTime" : 4.0,
    "pct2ResTime" : 4.0,
    "pct3ResTime" : 4.0,
    "throughput" : 48.78048780487805,
    "receivedKBytesPerSec" : 17.006478658536587,
    "sentKBytesPerSec" : 28.53467987804878
  },
  "http://localhost:4200/assets/assestR/js/jquery.min.js" : {
    "transaction" : "http://localhost:4200/assets/assestR/js/jquery.min.js",
    "sampleCount" : 6,
    "errorCount" : 0,
    "errorPct" : 0.0,
    "meanResTime" : 1.1666666666666665,
    "medianResTime" : 1.0,
    "minResTime" : 1.0,
    "maxResTime" : 2.0,
    "pct1ResTime" : 2.0,
    "pct2ResTime" : 2.0,
    "pct3ResTime" : 2.0,
    "throughput" : 3.7383177570093458,
    "receivedKBytesPerSec" : 157.18823014018693,
    "sentKBytesPerSec" : 1.894713785046729
  },
  "https://localhost:44318/api/User/GetUserprofile/964" : {
    "transaction" : "https://localhost:44318/api/User/GetUserprofile/964",
    "sampleCount" : 10,
    "errorCount" : 0,
    "errorPct" : 0.0,
    "meanResTime" : 3.5,
    "medianResTime" : 3.5,
    "minResTime" : 2.0,
    "maxResTime" : 5.0,
    "pct1ResTime" : 4.9,
    "pct2ResTime" : 5.0,
    "pct3ResTime" : 5.0,
    "throughput" : 43.66812227074236,
    "receivedKBytesPerSec" : 15.147379912663755,
    "sentKBytesPerSec" : 25.54414574235808
  },
  "https://localhost:44318/api/User/GetUserprofile/963" : {
    "transaction" : "https://localhost:44318/api/User/GetUserprofile/963",
    "sampleCount" : 10,
    "errorCount" : 0,
    "errorPct" : 0.0,
    "meanResTime" : 3.5,
    "medianResTime" : 3.5,
    "minResTime" : 3.0,
    "maxResTime" : 4.0,
    "pct1ResTime" : 4.0,
    "pct2ResTime" : 4.0,
    "pct3ResTime" : 4.0,
    "throughput" : 42.918454935622314,
    "receivedKBytesPerSec" : 14.88733905579399,
    "sentKBytesPerSec" : 25.105619635193133
  },
  "https://localhost:44318/api/Login/Loginuser" : {
    "transaction" : "https://localhost:44318/api/Login/Loginuser",
    "sampleCount" : 3,
    "errorCount" : 0,
    "errorPct" : 0.0,
    "meanResTime" : 4.0,
    "medianResTime" : 4.0,
    "minResTime" : 4.0,
    "maxResTime" : 4.0,
    "pct1ResTime" : 4.0,
    "pct2ResTime" : 4.0,
    "pct3ResTime" : 4.0,
    "throughput" : 1.996007984031936,
    "receivedKBytesPerSec" : 0.7835890718562875,
    "sentKBytesPerSec" : 1.130551397205589
  },
  "http://localhost:4200/assets/assestR/js/roberto.bundle.js" : {
    "transaction" : "http://localhost:4200/assets/assestR/js/roberto.bundle.js",
    "sampleCount" : 6,
    "errorCount" : 0,
    "errorPct" : 0.0,
    "meanResTime" : 1.6666666666666667,
    "medianResTime" : 2.0,
    "minResTime" : 1.0,
    "maxResTime" : 2.0,
    "pct1ResTime" : 2.0,
    "pct2ResTime" : 2.0,
    "pct3ResTime" : 2.0,
    "throughput" : 3.7429819089207736,
    "receivedKBytesPerSec" : 410.03745418746104,
    "sentKBytesPerSec" : 1.9116987679351216
  },
  "https://localhost:44318/api/Testimonial" : {
    "transaction" : "https://localhost:44318/api/Testimonial",
    "sampleCount" : 9,
    "errorCount" : 0,
    "errorPct" : 0.0,
    "meanResTime" : 3.888888888888889,
    "medianResTime" : 4.0,
    "minResTime" : 3.0,
    "maxResTime" : 6.0,
    "pct1ResTime" : 6.0,
    "pct2ResTime" : 6.0,
    "pct3ResTime" : 6.0,
    "throughput" : 6.993006993006993,
    "receivedKBytesPerSec" : 0.9560751748251749,
    "sentKBytesPerSec" : 5.668159965034965
  },
  "https://localhost:44318/api/User/UpdateUserProfile" : {
    "transaction" : "https://localhost:44318/api/User/UpdateUserProfile",
    "sampleCount" : 6,
    "errorCount" : 0,
    "errorPct" : 0.0,
    "meanResTime" : 5.0,
    "medianResTime" : 4.5,
    "minResTime" : 4.0,
    "maxResTime" : 7.0,
    "pct1ResTime" : 7.0,
    "pct2ResTime" : 7.0,
    "pct3ResTime" : 7.0,
    "throughput" : 3.7220843672456576,
    "receivedKBytesPerSec" : 0.5088787220843672,
    "sentKBytesPerSec" : 3.580325294665012
  },
  "ChangeName Transaction" : {
    "transaction" : "ChangeName Transaction",
    "sampleCount" : 6,
    "errorCount" : 0,
    "errorPct" : 0.0,
    "meanResTime" : 83.16666666666667,
    "medianResTime" : 78.5,
    "minResTime" : 69.0,
    "maxResTime" : 105.0,
    "pct1ResTime" : 105.0,
    "pct2ResTime" : 105.0,
    "pct3ResTime" : 105.0,
    "throughput" : 3.579952267303103,
    "receivedKBytesPerSec" : 14270.142475574285,
    "sentKBytesPerSec" : 64.15421296986874
  },
  "http://localhost:4200/assets/assestR/css/bootstrap-datepicker.min.css" : {
    "transaction" : "http://localhost:4200/assets/assestR/css/bootstrap-datepicker.min.css",
    "sampleCount" : 6,
    "errorCount" : 0,
    "errorPct" : 0.0,
    "meanResTime" : 1.3333333333333333,
    "medianResTime" : 1.5,
    "minResTime" : 0.0,
    "maxResTime" : 2.0,
    "pct1ResTime" : 2.0,
    "pct2ResTime" : 2.0,
    "pct3ResTime" : 2.0,
    "throughput" : 3.8363171355498724,
    "receivedKBytesPerSec" : 30.441401254795394,
    "sentKBytesPerSec" : 2.0549022937979537
  },
  "http://localhost:4200/user/profile" : {
    "transaction" : "http://localhost:4200/user/profile",
    "sampleCount" : 6,
    "errorCount" : 0,
    "errorPct" : 0.0,
    "meanResTime" : 1.5,
    "medianResTime" : 1.5,
    "minResTime" : 1.0,
    "maxResTime" : 2.0,
    "pct1ResTime" : 2.0,
    "pct2ResTime" : 2.0,
    "pct3ResTime" : 2.0,
    "throughput" : 3.7313432835820897,
    "receivedKBytesPerSec" : 4.434614039179104,
    "sentKBytesPerSec" : 2.4523379197761193
  },
  "http://localhost:4200/assets/assestR/style.css" : {
    "transaction" : "http://localhost:4200/assets/assestR/style.css",
    "sampleCount" : 6,
    "errorCount" : 0,
    "errorPct" : 0.0,
    "meanResTime" : 1.5,
    "medianResTime" : 1.5,
    "minResTime" : 1.0,
    "maxResTime" : 2.0,
    "pct1ResTime" : 2.0,
    "pct2ResTime" : 2.0,
    "pct3ResTime" : 2.0,
    "throughput" : 3.73366521468575,
    "receivedKBytesPerSec" : 134.06920892968265,
    "sentKBytesPerSec" : 1.9178788114499066
  },
  "http://localhost:4200/assets/assestR/js/default-assets/active.js" : {
    "transaction" : "http://localhost:4200/assets/assestR/js/default-assets/active.js",
    "sampleCount" : 6,
    "errorCount" : 0,
    "errorPct" : 0.0,
    "meanResTime" : 1.0,
    "medianResTime" : 1.0,
    "minResTime" : 1.0,
    "maxResTime" : 1.0,
    "pct1ResTime" : 1.0,
    "pct2ResTime" : 1.0,
    "pct3ResTime" : 1.0,
    "throughput" : 3.7476577139287945,
    "receivedKBytesPerSec" : 18.6650921299188,
    "sentKBytesPerSec" : 1.9378757417239225
  },
  "http://localhost:4200/assets/assestR/css/nice-select.css" : {
    "transaction" : "http://localhost:4200/assets/assestR/css/nice-select.css",
    "sampleCount" : 6,
    "errorCount" : 0,
    "errorPct" : 0.0,
    "meanResTime" : 1.0,
    "medianResTime" : 1.0,
    "minResTime" : 1.0,
    "maxResTime" : 1.0,
    "pct1ResTime" : 1.0,
    "pct2ResTime" : 1.0,
    "pct3ResTime" : 1.0,
    "throughput" : 3.8338658146964857,
    "receivedKBytesPerSec" : 8.468949680511182,
    "sentKBytesPerSec" : 2.0030451277955272
  },
  "http://localhost:4200/assets/assestR/css/fonts/ElegantIcons.woff" : {
    "transaction" : "http://localhost:4200/assets/assestR/css/fonts/ElegantIcons.woff",
    "sampleCount" : 12,
    "errorCount" : 0,
    "errorPct" : 0.0,
    "meanResTime" : 1.5,
    "medianResTime" : 1.5,
    "minResTime" : 1.0,
    "maxResTime" : 2.0,
    "pct1ResTime" : 2.0,
    "pct2ResTime" : 2.0,
    "pct3ResTime" : 2.0,
    "throughput" : 7.609384908053266,
    "receivedKBytesPerSec" : 120.08189006024097,
    "sentKBytesPerSec" : 3.996041732720355
  },
  "http://localhost:4200/assets/assestR/js/bootstrap.min.js" : {
    "transaction" : "http://localhost:4200/assets/assestR/js/bootstrap.min.js",
    "sampleCount" : 6,
    "errorCount" : 0,
    "errorPct" : 0.0,
    "meanResTime" : 1.1666666666666665,
    "medianResTime" : 1.0,
    "minResTime" : 1.0,
    "maxResTime" : 2.0,
    "pct1ResTime" : 2.0,
    "pct2ResTime" : 2.0,
    "pct3ResTime" : 2.0,
    "throughput" : 3.7429819089207736,
    "receivedKBytesPerSec" : 102.91189858858391,
    "sentKBytesPerSec" : 1.906215884279476
  },
  "http://localhost:4200/assets/assestR/css/font-awesome.min.css" : {
    "transaction" : "http://localhost:4200/assets/assestR/css/font-awesome.min.css",
    "sampleCount" : 6,
    "errorCount" : 0,
    "errorPct" : 0.0,
    "meanResTime" : 1.0,
    "medianResTime" : 1.0,
    "minResTime" : 1.0,
    "maxResTime" : 1.0,
    "pct1ResTime" : 1.0,
    "pct2ResTime" : 1.0,
    "pct3ResTime" : 1.0,
    "throughput" : 3.8363171355498724,
    "receivedKBytesPerSec" : 58.970263546994886,
    "sentKBytesPerSec" : 2.0249310661764706
  },
  "Login Transaction" : {
    "transaction" : "Login Transaction",
    "sampleCount" : 3,
    "errorCount" : 0,
    "errorPct" : 0.0,
    "meanResTime" : 24.666666666666668,
    "medianResTime" : 24.0,
    "minResTime" : 24.0,
    "maxResTime" : 26.0,
    "pct1ResTime" : 26.0,
    "pct2ResTime" : 26.0,
    "pct3ResTime" : 26.0,
    "throughput" : 1.969796454366382,
    "receivedKBytesPerSec" : 7.1789847340774795,
    "sentKBytesPerSec" : 8.098479563361787
  },
  "http://localhost:4200/main.js" : {
    "transaction" : "http://localhost:4200/main.js",
    "sampleCount" : 6,
    "errorCount" : 0,
    "errorPct" : 0.0,
    "meanResTime" : 3.6666666666666665,
    "medianResTime" : 4.0,
    "minResTime" : 2.0,
    "maxResTime" : 5.0,
    "pct1ResTime" : 5.0,
    "pct2ResTime" : 5.0,
    "pct3ResTime" : 5.0,
    "throughput" : 3.804692454026633,
    "receivedKBytesPerSec" : 1563.1582662888395,
    "sentKBytesPerSec" : 1.8280358275206088
  },
  "http://localhost:4200/styles.js" : {
    "transaction" : "http://localhost:4200/styles.js",
    "sampleCount" : 6,
    "errorCount" : 0,
    "errorPct" : 0.0,
    "meanResTime" : 1.8333333333333333,
    "medianResTime" : 2.0,
    "minResTime" : 1.0,
    "maxResTime" : 2.0,
    "pct1ResTime" : 2.0,
    "pct2ResTime" : 2.0,
    "pct3ResTime" : 2.0,
    "throughput" : 3.814367450731087,
    "receivedKBytesPerSec" : 334.1296487603306,
    "sentKBytesPerSec" : 1.851309202161475
  },
  "https://localhost:44318/api/User/Regester" : {
    "transaction" : "https://localhost:44318/api/User/Regester",
    "sampleCount" : 3,
    "errorCount" : 0,
    "errorPct" : 0.0,
    "meanResTime" : 9.333333333333334,
    "medianResTime" : 5.0,
    "minResTime" : 5.0,
    "maxResTime" : 18.0,
    "pct1ResTime" : 18.0,
    "pct2ResTime" : 18.0,
    "pct3ResTime" : 18.0,
    "throughput" : 1.9292604501607717,
    "receivedKBytesPerSec" : 0.6669513665594855,
    "sentKBytesPerSec" : 1.3640474276527332
  },
  "http://localhost:4200/runtime.js" : {
    "transaction" : "http://localhost:4200/runtime.js",
    "sampleCount" : 6,
    "errorCount" : 0,
    "errorPct" : 0.0,
    "meanResTime" : 1.0,
    "medianResTime" : 1.0,
    "minResTime" : 1.0,
    "maxResTime" : 1.0,
    "pct1ResTime" : 1.0,
    "pct2ResTime" : 1.0,
    "pct3ResTime" : 1.0,
    "throughput" : 3.75,
    "receivedKBytesPerSec" : 13.8299560546875,
    "sentKBytesPerSec" : 1.8109130859375
  },
  "http://localhost:4200/assets/assestR/css/style.css" : {
    "transaction" : "http://localhost:4200/assets/assestR/css/style.css",
    "sampleCount" : 6,
    "errorCount" : 0,
    "errorPct" : 0.0,
    "meanResTime" : 1.5,
    "medianResTime" : 1.5,
    "minResTime" : 1.0,
    "maxResTime" : 2.0,
    "pct1ResTime" : 2.0,
    "pct2ResTime" : 2.0,
    "pct3ResTime" : 2.0,
    "throughput" : 3.8363171355498724,
    "receivedKBytesPerSec" : 48.248056865409204,
    "sentKBytesPerSec" : 1.9837206281969308
  },
  "http://localhost:4200/vendor.js" : {
    "transaction" : "http://localhost:4200/vendor.js",
    "sampleCount" : 6,
    "errorCount" : 0,
    "errorPct" : 0.0,
    "meanResTime" : 19.166666666666664,
    "medianResTime" : 19.5,
    "minResTime" : 9.0,
    "maxResTime" : 31.0,
    "pct1ResTime" : 31.0,
    "pct2ResTime" : 31.0,
    "pct3ResTime" : 31.0,
    "throughput" : 3.7383177570093458,
    "receivedKBytesPerSec" : 9347.908148364486,
    "sentKBytesPerSec" : 1.8052716121495327
  },
  "http://localhost:4200/assets/assestR/css/default-assets/classy-nav.css" : {
    "transaction" : "http://localhost:4200/assets/assestR/css/default-assets/classy-nav.css",
    "sampleCount" : 6,
    "errorCount" : 0,
    "errorPct" : 0.0,
    "meanResTime" : 1.1666666666666665,
    "medianResTime" : 1.0,
    "minResTime" : 1.0,
    "maxResTime" : 2.0,
    "pct1ResTime" : 2.0,
    "pct2ResTime" : 2.0,
    "pct3ResTime" : 2.0,
    "throughput" : 3.8314176245210727,
    "receivedKBytesPerSec" : 29.179014008620687,
    "sentKBytesPerSec" : 2.056019516283525
  },
  "Testimonial Transaction" : {
    "transaction" : "Testimonial Transaction",
    "sampleCount" : 9,
    "errorCount" : 0,
    "errorPct" : 0.0,
    "meanResTime" : 3.888888888888889,
    "medianResTime" : 4.0,
    "minResTime" : 3.0,
    "maxResTime" : 6.0,
    "pct1ResTime" : 6.0,
    "pct2ResTime" : 6.0,
    "pct3ResTime" : 6.0,
    "throughput" : 6.987577639751553,
    "receivedKBytesPerSec" : 0.9553328804347826,
    "sentKBytesPerSec" : 5.663759219720497
  },
  "https://localhost:44318/api/SiteSetting/GetAllSitesetting" : {
    "transaction" : "https://localhost:44318/api/SiteSetting/GetAllSitesetting",
    "sampleCount" : 24,
    "errorCount" : 0,
    "errorPct" : 0.0,
    "meanResTime" : 19.499999999999996,
    "medianResTime" : 3.0,
    "minResTime" : 2.0,
    "maxResTime" : 342.0,
    "pct1ResTime" : 29.0,
    "pct2ResTime" : 265.25,
    "pct3ResTime" : 342.0,
    "throughput" : 11.310084825636192,
    "receivedKBytesPerSec" : 4.056277980678606,
    "sentKBytesPerSec" : 6.3784902214891614
  },
  "Debug Sampler" : {
    "transaction" : "Debug Sampler",
    "sampleCount" : 3,
    "errorCount" : 0,
    "errorPct" : 0.0,
    "meanResTime" : 1.0,
    "medianResTime" : 1.0,
    "minResTime" : 0.0,
    "maxResTime" : 2.0,
    "pct1ResTime" : 2.0,
    "pct2ResTime" : 2.0,
    "pct3ResTime" : 2.0,
    "throughput" : 2.08768267223382,
    "receivedKBytesPerSec" : 1.5372194676409185,
    "sentKBytesPerSec" : 0.0
  },
  "Register" : {
    "transaction" : "Register",
    "sampleCount" : 3,
    "errorCount" : 0,
    "errorPct" : 0.0,
    "meanResTime" : 162.66666666666666,
    "medianResTime" : 45.0,
    "minResTime" : 33.0,
    "maxResTime" : 410.0,
    "pct1ResTime" : 410.0,
    "pct2ResTime" : 410.0,
    "pct3ResTime" : 410.0,
    "throughput" : 1.4771048744460857,
    "receivedKBytesPerSec" : 4.738563977104874,
    "sentKBytesPerSec" : 3.421574963072378
  },
  "http://localhost:4200/styles.css" : {
    "transaction" : "http://localhost:4200/styles.css",
    "sampleCount" : 6,
    "errorCount" : 0,
    "errorPct" : 0.0,
    "meanResTime" : 1.3333333333333333,
    "medianResTime" : 1.0,
    "minResTime" : 1.0,
    "maxResTime" : 2.0,
    "pct1ResTime" : 2.0,
    "pct2ResTime" : 2.0,
    "pct3ResTime" : 2.0,
    "throughput" : 3.73366521468575,
    "receivedKBytesPerSec" : 223.75009723086498,
    "sentKBytesPerSec" : 1.866832607342875
  },
  "http://localhost:4200/assets/assestR/css/magnific-popup.css" : {
    "transaction" : "http://localhost:4200/assets/assestR/css/magnific-popup.css",
    "sampleCount" : 6,
    "errorCount" : 0,
    "errorPct" : 0.0,
    "meanResTime" : 1.3333333333333333,
    "medianResTime" : 1.0,
    "minResTime" : 1.0,
    "maxResTime" : 2.0,
    "pct1ResTime" : 2.0,
    "pct2ResTime" : 2.0,
    "pct3ResTime" : 2.0,
    "throughput" : 3.8314176245210727,
    "receivedKBytesPerSec" : 13.974946120689655,
    "sentKBytesPerSec" : 2.014861709770115
  },
  "Total" : {
    "transaction" : "Total",
    "sampleCount" : 243,
    "errorCount" : 0,
    "errorPct" : 0.0,
    "meanResTime" : 4.522633744855968,
    "medianResTime" : 2.0,
    "minResTime" : 0.0,
    "maxResTime" : 342.0,
    "pct1ResTime" : 4.0,
    "pct2ResTime" : 6.799999999999983,
    "pct3ResTime" : 40.60000000000002,
    "throughput" : 111.67279411764706,
    "receivedKBytesPerSec" : 11002.185597139245,
    "sentKBytesPerSec" : 61.62710750804227
  },
  "http://localhost:4200/assets/assestR/css/bootstrap.min.css" : {
    "transaction" : "http://localhost:4200/assets/assestR/css/bootstrap.min.css",
    "sampleCount" : 6,
    "errorCount" : 0,
    "errorPct" : 0.0,
    "meanResTime" : 2.0,
    "medianResTime" : 2.0,
    "minResTime" : 1.0,
    "maxResTime" : 3.0,
    "pct1ResTime" : 3.0,
    "pct2ResTime" : 3.0,
    "pct3ResTime" : 3.0,
    "throughput" : 3.826530612244898,
    "receivedKBytesPerSec" : 287.1859803491709,
    "sentKBytesPerSec" : 2.0104233099489797
  },
  "http://localhost:4200/assets/assestR/css/jquery-ui.min.css" : {
    "transaction" : "http://localhost:4200/assets/assestR/css/jquery-ui.min.css",
    "sampleCount" : 6,
    "errorCount" : 0,
    "errorPct" : 0.0,
    "meanResTime" : 1.5,
    "medianResTime" : 1.0,
    "minResTime" : 1.0,
    "maxResTime" : 3.0,
    "pct1ResTime" : 3.0,
    "pct2ResTime" : 3.0,
    "pct3ResTime" : 3.0,
    "throughput" : 3.838771593090211,
    "receivedKBytesPerSec" : 32.70828334932822,
    "sentKBytesPerSec" : 2.014980206333973
  },
  "http://localhost:4200/auth/reqester" : {
    "transaction" : "http://localhost:4200/auth/reqester",
    "sampleCount" : 3,
    "errorCount" : 0,
    "errorPct" : 0.0,
    "meanResTime" : 16.666666666666668,
    "medianResTime" : 3.0,
    "minResTime" : 2.0,
    "maxResTime" : 45.0,
    "pct1ResTime" : 45.0,
    "pct2ResTime" : 45.0,
    "pct3ResTime" : 45.0,
    "throughput" : 1.5715034049240442,
    "receivedKBytesPerSec" : 3.377811517810372,
    "sentKBytesPerSec" : 1.0098137113672079
  },
  "http://localhost:4200/assets/assestR/css/owl.carousel.min.css" : {
    "transaction" : "http://localhost:4200/assets/assestR/css/owl.carousel.min.css",
    "sampleCount" : 6,
    "errorCount" : 0,
    "errorPct" : 0.0,
    "meanResTime" : 1.1666666666666665,
    "medianResTime" : 1.0,
    "minResTime" : 1.0,
    "maxResTime" : 2.0,
    "pct1ResTime" : 2.0,
    "pct2ResTime" : 2.0,
    "pct3ResTime" : 2.0,
    "throughput" : 3.8314176245210727,
    "receivedKBytesPerSec" : 6.461775622605364,
    "sentKBytesPerSec" : 2.0204741379310343
  },
  "http://localhost:4200/assets/assestR/js/popper.min.js" : {
    "transaction" : "http://localhost:4200/assets/assestR/js/popper.min.js",
    "sampleCount" : 6,
    "errorCount" : 0,
    "errorPct" : 0.0,
    "meanResTime" : 1.0,
    "medianResTime" : 1.0,
    "minResTime" : 1.0,
    "maxResTime" : 1.0,
    "pct1ResTime" : 1.0,
    "pct2ResTime" : 1.0,
    "pct3ResTime" : 1.0,
    "throughput" : 3.740648379052369,
    "receivedKBytesPerSec" : 38.621098620635905,
    "sentKBytesPerSec" : 1.8940685395885286
  },
  "http://localhost:4200/polyfills.js" : {
    "transaction" : "http://localhost:4200/polyfills.js",
    "sampleCount" : 6,
    "errorCount" : 0,
    "errorPct" : 0.0,
    "meanResTime" : 2.0,
    "medianResTime" : 2.0,
    "minResTime" : 1.0,
    "maxResTime" : 3.0,
    "pct1ResTime" : 3.0,
    "pct2ResTime" : 3.0,
    "pct3ResTime" : 3.0,
    "throughput" : 3.75,
    "receivedKBytesPerSec" : 563.4027099609375,
    "sentKBytesPerSec" : 1.820068359375
  }
}